Candidato - nome de urna,Part./Colig.,Votos,% (*)
ABRA«O GARCIA,PROS,298,"0,03"
ACSA JUNIA,DEM,261,"0,02"
ADAIR MOTORISTA,PATRIOTA,342,"0,03"
ADAISSON OSCAR,PSOL,730,"0,06"
AD«O CAETANO,PATRIOTA,2201,"0,19"
AD«O REIS,PODE,175,"0,01"
ADAO RIBEIRO,PSL,258,"0,02"
ADAUTO BRASIL,PL,142,"0,01"
ADEMIR ANDRADE,PTC,50,0
ADENILTON DANTAS DENIM,PP,1337,"0,11"
ADILSON BISPO,PSDB,277,"0,02"
ADILSON BOI,PTC,941,"0,08"
ADILSON MARTINS,PSL,89,"0,01"
ADILSON PIQUIN“S,AVANTE,1058,"0,09"
ADILSON SILVA,DC,94,"0,01"
ADILSON TELES,PC do B,71,"0,01"
ADJAILSON SEVERO,PC do B,118,"0,01"
ADRIANA ARAÈJO,PSB,3071,"0,26"
ADRIANA BORGES,PATRIOTA,497,"0,04"
ADRIANA BUZELIN,PV,823,"0,07"
ADRIANA DO GµS,AVANTE,364,"0,03"
ADRIANA PINHEIRO,PTC,769,"0,07"
ADRIANO OLIVER,PSD,414,"0,04"
ADRIANO SALUSTIANO,CIDADANIA,334,"0,03"
ADRIANO VENTURA,PSD,4605,"0,39"
ADVOGADA LIA MARIA,DC,103,"0,01"
AFONSO TAQUARIL,PL,228,"0,02"
AGUINALDO BRAGA,MDB,241,"0,02"
ALAN MADUREIRA,PP,1381,"0,12"
ALAN RODRIGUES,PSOL,252,"0,02"
ALANA PINHO,PMN,279,"0,02"
ALBERTO BELIN,PV,137,"0,01"
ALBERTO VIEIRA,PV,46,0
ALCINEIA DE OLIVEIRA,PSC,44,0
ALDA METROVIµRIA,UP,376,"0,03"
AL“ BORGES,PATRIOTA,121,"0,01"
ALENCAR CARVALHO,REPUBLICANOS,380,"0,03"
ALESSANDRA ROSA,AVANTE,130,"0,01"
ALêSSIO LEAL NENZINHO DO TµXI,PROS,553,"0,05"
ALEX DOUGLAS,PT,134,"0,01"
ALEX RIBEIRO GASPARZINHO,PRTB,155,"0,01"
ALEXANDRE BOAVENTURA,CIDADANIA,1751,"0,15"
ALEXANDRE BONITO,PROS,209,"0,02"
ALEXANDRE BORJAILI,PSC,105,"0,01"
ALEXANDRE BRAGA,PC do B,107,"0,01"
ALEXANDRE CLETO,PTB,261,"0,02"
ALEXANDRE DA ZOONOSES,MDB,1034,"0,09"
ALEXANDRE DO ESCOLAR (DINHO),PATRIOTA,256,"0,02"
ALEXANDRE SANTOS,AVANTE,49,0
ALEXANDRE TICONDOCA,PROS,30,0
ALEXANDRIO DE CARVALHO,REPUBLICANOS,59,"0,01"
ALFREDO TEIXEIRA,DEM,508,"0,04"
ALICIO CESAR,REPUBLICANOS,443,"0,04"
ALINE NOGUEIRA,PV,159,"0,01"
ALISSON SILVESTRE,PV,164,"0,01"
ALMEID«O DO PARTID«O,PCB,36,0
ALU÷ZIO LEANDRO LêO,PTB,664,"0,06"
ALVARO DAMI«O,DEM,12742,"1,09"
µLVARO GOULART,PSD,1388,"0,12"
ALYSSON DO APLICATIVO,PC do B,76,"0,01"
AMARELINHO DE JESUS,SOLIDARIEDADE,486,"0,04"
AMAURI DE PAULA,PSOL,140,"0,01"
AMAURI JIB‡IA,SOLIDARIEDADE,418,"0,04"
AMIR NETO,PATRIOTA,261,"0,02"
ANA CAROLINA,MDB,6,0
ANA CLAUDIA QUELES BELMONTE,AVANTE,286,"0,02"
ANA DA SOPA,REPUBLICANOS,751,"0,06"
ANA DE JESUS,DEM,340,"0,03"
ANA EVANGELISTA,PT,341,"0,03"
ANA FLµVIA,PTC,15,0
ANA GRANATA,PSL,275,"0,02"
ANA PAULA,PTC,38,0
ANA PAULA VILLAR,PP,29,0
ANANIAS CARDOSO,PSB,86,"0,01"
ANDERSON BRITO,PDT,239,"0,02"
ANDERSON COSTA,DC,3005,"0,26"
ANDERSON DA LUZ,PATRIOTA,1562,"0,13"
ANDERSON DO TRANSPORTE,PSDB,100,"0,01"
ANDERSON GERTH,DEM,117,"0,01"
ANDERSON SANTOS,PTB,90,"0,01"
ANDRê ALVARENGA,REDE,517,"0,04"
ANDRê ASC∂NIO,PSD,634,"0,05"
ANDRê CAMEL‚,PSOL,355,"0,03"
ANDRê DEC«O,PSC,203,"0,02"
ANDRê DO SOCIAL,PSDB,629,"0,05"
ANDRê FORMIG«O,PV,498,"0,04"
ANDRê LUIZ MARTINS,PSD,276,"0,02"
ANDRê PEDREIRO,PT,57,0
ANDREA AGOSTINHO,SOLIDARIEDADE,309,"0,03"
ANDREA AGUIAR,CIDADANIA,363,"0,03"
ANDREA COSTA,PDT,119,"0,01"
ANDREA ESTETICISTA,PC do B,6,0
ANDRESA COSTA NEGA,DEM,339,"0,03"
ANDREZA SALES,REPUBLICANOS,33,0
∂NGELA OTTONI,REPUBLICANOS,423,"0,04"
ANGELITA ROCHA,PMN,114,"0,01"
ANTONIO AUGUSTO,NOVO,790,"0,07"
ANTONIO CARLOS BH,PSL,106,"0,01"
ANT‚NIO HUCK,PTC,69,"0,01"
ANTONIO LOBO,PSB,131,"0,01"
ANT‚NIO MµRCIO CEARµ,PP,841,"0,07"
ANTONIO MELANE,PODE,1118,"0,1"
ANT‚NIO WILLIAM GOMES,PODE,259,"0,02"
APARECIDA SANTOS,PSL,19,0
ARIADNA GUIMAR«ES,PATRIOTA,86,"0,01"
ARIELLA DUTRA,REPUBLICANOS,64,"0,01"
ARLINDO DO GµS,PSC,100,"0,01"
ARNALDO GODOY,PT,3061,"0,26"
ARY JUNIOR,PROS,496,"0,04"
AUDR“ LISBOA,PSB,119,"0,01"
AUDREY SNOOPY,REDE,34,0
AURENI DAS GRAÄAS,CIDADANIA,89,"0,01"
AUTAIR GOMES,PSD,5461,"0,47"
AVELINO MOREIRA,SOLIDARIEDADE,2312,"0,2"
BACALHAU,PTB,68,"0,01"
BAIANO DO GARAJ«O,PTC,146,"0,01"
BAIANO DO SUCATA,PROS,404,"0,03"
BAIXINHO CARRETO,PL,135,"0,01"
BAIXINHO DA VIDRAÄARIA,PSD,113,"0,01"
BALBINO DA AMBUL∂NCIA,PP,1271,"0,11"
BALINHA DO AÄOUGUE,DEM,2103,"0,18"
BAR«O MOURA,AVANTE,144,"0,01"
BµRBARA FRANÄA,PT,193,"0,02"
BµRBARA GUILHERME,PTB,47,0
BARBOSA DAS CORRIDAS DE RUA,PTC,426,"0,04"
BEBEL,PT,540,"0,05"
BEBEL DO MERCADO,DEM,103,"0,01"
BEL LIMA,REDE,82,"0,01"
BELLA GONÄALVES,PSOL,6954,"0,6"
BENEDITO MATEUS,PV,172,"0,01"
BENJAMIM DA DISTRIBUIDORA,PL,167,"0,01"
BERê SILVA,PTB,175,"0,01"
BERNARDO SAFAR BARAKAT,AVANTE,225,"0,02"
BETH RODRIGUES,REDE,43,0
BETO DO S«O BERNARDO,MDB,929,"0,08"
BETO FUTEV‚LEI,PATRIOTA,29,0
BETO MEC«NICO,PDT,179,"0,02"
BIANCA ANGEL,PROS,2,0
BIGODE DAS LATINHAS,PSC,97,"0,01"
BILL DO PROJETO,PTB,794,"0,07"
BIM DA AMBUL∂NCIA,PSD,6022,"0,52"
BIM DA KEL,PTC,384,"0,03"
BINHA DA COL‡,PMN,258,"0,02"
BISMARCK GOUVEA,PL,213,"0,02"
BOI,PATRIOTA,263,"0,02"
BRAND«O DA LIVRARIA,PDT,87,"0,01"
BRAULIO LARA,NOVO,5776,"0,49"
BRAYAN FREDERICO,CIDADANIA,435,"0,04"
BRENDA CRISTINA,REPUBLICANOS,57,0
BRENO BAETA,NOVO,375,"0,03"
BRENO NOLASCO ONG OPORTUNIDADE,AVANTE,3298,"0,28"
BRENO RICARDO,CIDADANIA,327,"0,03"
BRENO T‡TOLI,PMN,25,0
BREOSO,PODE,125,"0,01"
BRUNA BUENO,PDT,1619,"0,14"
BRUNO ANGELI,PROS,302,"0,03"
BRUNO BUENO,REPUBLICANOS,151,"0,01"
BRUNO GLEIDSON,PROS,513,"0,04"
BRUNO MIRANDA,PDT,5178,"0,44"
BRUNO RAFAEL,PT,155,"0,01"
BRUNO SALDANHA,PRTB,649,"0,06"
BUTINADA,REDE,176,"0,02"
CABO ALEXSANDER,PSDB,463,"0,04"
CABO DIMITRE,REDE,155,"0,01"
CABO ROMULO SANTIAGO BH,PRTB,175,"0,01"
CABO VENANCIO PRIMO,AVANTE,1228,"0,11"
CABRAL,PL,165,"0,01"
CAIO BELLOTE,PMN,1368,"0,12"
CAMARGOS DA PROPAGANDA,PTC,761,"0,07"
CAMILA CASQUINHA,PV,474,"0,04"
CAMILA GOMES,DC,3,0
CANTOR CARLOS MAGNO,PSB,150,"0,01"
CANTOR JO«O DO POV«O,PSD,61,"0,01"
CANTOR SERGINHO MARTINELLI,SOLIDARIEDADE,695,"0,06"
CANTORA BETH REIS,PSL,122,"0,01"
CARLA AUTO ESCOLA,SOLIDARIEDADE,141,"0,01"
CARLA DO TREVO,AVANTE,39,0
CARL«O,SOLIDARIEDADE,295,"0,03"
CARLIM DO BURITAXI,PSC,379,"0,03"
CARLINHOS DO SERRA VERDE,PMN,2,0
CARLIT«O NO TRANSITO,PV,38,0
CARLOS CRUZ,DEM,230,"0,02"
CARLOS FERRER BAIANO,PDT,439,"0,04"
CARLOS HENRIQUE,PTB,2945,"0,25"
CARLOS HENRIQUE QUEIROZ,PRTB,756,"0,06"
CARLOS JÈNIOR DA PERFECTFILM,REPUBLICANOS,163,"0,01"
CARLOS MAGNO,PTC,133,"0,01"
CARLOS MONTEIRO,REPUBLICANOS,183,"0,02"
CARLOS PEREIRA,PC do B,107,"0,01"
CARLÈCIO GONÄALVES,SOLIDARIEDADE,1335,"0,11"
CARMINHA DA SAUDE,PMN,486,"0,04"
CAROL BARCELOS,REPUBLICANOS,36,0
CAROL BRACHO,PODE,13,0
CAROL RAMOS,PSDB,196,"0,02"
CAROLINA GONCALVES,DC,4,0
CARTER MORATTO,PDT,41,0
CAS«O V8 ARAXIDE,PSC,102,"0,01"
CASSIA HELENA,PC do B,52,0
CATATAU DO POVO,PSD,4007,"0,34"
CATIA SILENE,PL,142,"0,01"
CELESTE,REDE,36,0
CELINHO,PSOL,104,"0,01"
CêLIO ELIAS,PCO,63,"0,01"
CELS«O,SOLIDARIEDADE,426,"0,04"
CELSO DE DEUS,PDT,326,"0,03"
CêSAR GORDIN,PROS,4748,"0,41"
CêSAR SALES,PP,728,"0,06"
CHARLES AUGUSTO,PP,1135,"0,1"
CHARLES BRASILEIRO ,PDT,1371,"0,12"
CHEILA DO BOM JESUS,DEM,90,"0,01"
CHERO,PROS,666,"0,06"
CHEVREUX DIAS,PMN,144,"0,01"
CICERA DA UPA,PMN,26,0
CICERO RAMOS,DC,97,"0,01"
CIDA,PC do B,24,0
CIDA ALVES,PC do B,167,"0,01"
CIDA DO BAR,DEM,127,"0,01"
CIDA FALABELLA,PSOL,6451,"0,55"
CIDA FEIRA MIX,MDB,92,"0,01"
CIDINHA CAMPOS,PSC,1805,"0,15"
CINARA CUNHA,PODE,93,"0,01"
CINARA DO QUEIJO,PP,114,"0,01"
CINTIA,PV,21,0
CINTIA COSTA,PRTB,120,"0,01"
C÷NTIA DA VAN,PROS,3,0
C÷NTIA MORENO,PP,747,"0,06"
CINTIA VIEIRA,PATRIOTA,158,"0,01"
CIRO PEREIRA,PTB,4340,"0,37"
CLµUDIA ALVES,NOVO,456,"0,04"
CLAUDIA FILHA DO JO«O,PMN,41,0
CLAUDIANO MANSUR,DEM,77,"0,01"
CLAUDINEI ROCHA,REPUBLICANOS,375,"0,03"
CLAUDIO  COSTA,PRTB,246,"0,02"
CLAUDIO CALOQUINHA,PMN,1753,"0,15"
CLAUDIO CARDOSO,PMN,113,"0,01"
CLµUDIO DO  MUNDO NOVO,PSD,6268,"0,54"
CLµUDIO DO PV,PV,47,0
CLµUDIO OLIVEIRA,SOLIDARIEDADE,698,"0,06"
CLµUDIO RAULSEIXISTA,PSDB,146,"0,01"
CLAUDIONOR CRUZ,DEM,23,0
CLAYSSON RODOVIµRIO,PSDB,244,"0,02"
CLAYTON BERTOLDO,REDE,1231,"0,11"
CLEBER HOT DOG,PT,154,"0,01"
CLECIO DORNELAS,PT,193,"0,02"
CLEIBER PEREIRA,PODE,238,"0,02"
CLEITON XAVIER,PMN,4481,"0,38"
CLêLIO ALVES,REDE,726,"0,06"
CLEMILDA ROMEIRO,PODE,126,"0,01"
CL“NEA RESENDE,CIDADANIA,63,"0,01"
CLEO SILVA,PSC,44,0
CLêRIA SALOMê,AVANTE,30,0
CLOVES BH,PP,1565,"0,13"
COLARES,REDE,1434,"0,12"
CONCEIÄ«O DA SILVA,PC do B,100,"0,01"
CORACI OLIVEIRA,SOLIDARIEDADE,668,"0,06"
CORONEL PICCININI,PSD,2122,"0,18"
CORONEL SIMIL,PRTB,423,"0,04"
CORRADI,PODE,321,"0,03"
COSTA VAL,PSD,484,"0,04"
CREUZONA,PROS,68,"0,01"
CRIS CABANA ,PMN,194,"0,02"
CRIS DO BAR,PTB,345,"0,03"
CRIS KUMAIRA,NOVO,1811,"0,15"
CRIS SANTOS BLOG DAS CRIS,SOLIDARIEDADE,152,"0,01"
CRISTIANA DO TAQUARIL,PSB,29,0
CRISTIANO BARCELLOS,PATRIOTA,380,"0,03"
CRISTIANO DA RADIO OURO MINAS,AVANTE,38,0
CRISTIANO GARI,MDB,208,"0,02"
CRISTIANO REIS,DEM,1083,"0,09"
CRISTIANO TOT‡,PV,345,"0,03"
CRISTIANO VIGILANTE,PROS,235,"0,02"
CRISTINA JUNIA ,PDT,214,"0,02"
CRISTINA MATOS,PSB,155,"0,01"
CRISTOV«O MOREIRA,PSC,81,"0,01"
DAI DIAS,PODE,3346,"0,29"
DANI SAVASSI,SOLIDARIEDADE,558,"0,05"
DANIEL ALBERGARIA PROSSEGUIR,PMN,385,"0,03"
DANIEL AZEVEDO,PSDB,116,"0,01"
DANIEL DO SOM,PSD,91,"0,01"
DANIEL DÈ,AVANTE,668,"0,06"
DANIEL FERREIRA,PSDB,103,"0,01"
DANIEL OLIVEIRA,PV,37,0
DANIEL PICOLE CREMOSO,SOLIDARIEDADE,396,"0,03"
DANIEL ROCHA,PODE,212,"0,02"
DANIEL SIRIEMA,AVANTE,3844,"0,33"
DANIELA REGINA,PSB,157,"0,01"
DANIELLE PONCE DE LE‡N,PTB,87,"0,01"
DANY PERDIG«O,AVANTE,278,"0,02"
DµRIO,PSOL,3496,"0,3"
DARIO SMITH,PL,36,0
DAVI CARRETOS,PTC,276,"0,02"
DAVI RODRIGUES,PC do B,135,"0,01"
DAVI TEODORO,DEM,464,"0,04"
DAVID CONTARINI,PSD,211,"0,02"
DAVID ENIS,DC,8,0
DAYANE DE ALMEIDA,PMN,42,0
DêBORA MµXIMO,NOVO,2594,"0,22"
DEBORA PATRICIA,PRTB,6,0
DECA DO ESCOLAR,DEM,215,"0,02"
DECINHO BOLSONARO DO BARREIRO,PP,1338,"0,11"
DêIA,CIDADANIA,48,0
DELEGADA ELAINE MATOZINHOS,PTB,2260,"0,19"
DELFINA MAGALH«ES,DC,5,0
DELSINHO SILVA,DEM,925,"0,08"
DEMETRIUS INACIO,PMN,378,"0,03"
DENILSON BOKA,PTB,72,"0,01"
DENIS RODRIGUES,PC do B,39,0
DENISE TORQUATO,DEM,1424,"0,12"
DENNER RIBEIRO,PC do B,141,"0,01"
DEPUTADO,DC,33,0
DIAS PIO,PSL,32,0
DICK FARNEY,PMN,30,0
DIDO ARAUJO,PSL,103,"0,01"
DIEGO MIRANDA,PCB,353,"0,03"
DIEGO SILVA,PP,1473,"0,13"
DIGUIM OLIVEIRA,PATRIOTA,122,"0,01"
DIMAS DA AMBUL∂NCIA,PSC,1655,"0,14"
DINHO DO BAR,PDT,1524,"0,13"
DININHO CABELEIREIRO,PROS,110,"0,01"
DIRCEU BRAND«O,REPUBLICANOS,339,"0,03"
DJ LILITO,AVANTE,217,"0,02"
DJ VOV‚,PTC,102,"0,01"
DONA CONCEIÄ«O,MDB,1,0
DONA LURDES,PTC,4,0
DONATO LIMA,MDB,215,"0,02"
DORA,PP,64,"0,01"
DORA CILIRA,PSB,58,0
DORALICE CRUZ,PTC,147,"0,01"
DORIVAL DO EMPREGO,PSDB,134,"0,01"
DOUGLAS JONES,PV,425,"0,04"
DOUGLAS SILVA,CIDADANIA,222,"0,02"
DOUGLINHAS DO SAL«O,PSDB,520,"0,04"
DOUTOR IGOR DA AADORA,DC,2175,"0,19"
DOUTORA CIDINHA,MDB,639,"0,05"
DOUTORA SANDRA HILLS,PL,86,"0,01"
DR ALEX,PV,348,"0,03"
DR BRUNO PEDRALVA,PT,3649,"0,31"
DR CRIS PINHEIRO,NOVO,1327,"0,11"
DR DESCIO CORDEIRO,AVANTE,128,"0,01"
DR EDUARDO JANOT,PP,668,"0,06"
DR EROS,PSL,961,"0,08"
DR FERNANDO DELFINO,PSL,176,"0,02"
DR GILBERTO SILVA,PODE,577,"0,05"
DR JURACY PINHO,DC,2604,"0,22"
DR MARCELO TAVARES,PROS,207,"0,02"
DR MARCO BOMFIM CIDAD«O BH,REDE,210,"0,02"
DR MURILO,AVANTE,197,"0,02"
DR NILTON,PSD,4963,"0,42"
DR VICENTE AMORIM,PSL,278,"0,02"
DR. ANA PAULA TUPI B/MIRANTE,PDT,107,"0,01"
DR. CêLIO ANTUNES,CIDADANIA,452,"0,04"
DR. CELIO FR‡IS,CIDADANIA,5775,"0,49"
DR. EDSON MOREIRA,CIDADANIA,496,"0,04"
DR. FARAH,PSB,1501,"0,13"
DR. GUSTAVO MOUR«O,REDE,312,"0,03"
DR. JORGE PARREIRA,PDT,293,"0,03"
DR. OLAVO,PMN,1006,"0,09"
DRA ANA CARMEN,NOVO,1976,"0,17"
DRA FERNANDA FIUZA,PSL,673,"0,06"
DRA MICHELLY SIQUEIRA,PP,3114,"0,27"
DRA SANDRA,PC do B,406,"0,03"
DRI,PSC,40,0
DÈ PENTE,PSOL,982,"0,08"
DÈ SOARES,PROS,1803,"0,15"
DUCARMO DA COSTURA,DEM,152,"0,01"
DUDA ABREU,PSDB,3423,"0,29"
DUDA CRIS,PATRIOTA,453,"0,04"
DUDU DO SAL«O,AVANTE,841,"0,07"
DUDU DOS ABRIGOS,PV,1065,"0,09"
DULCE TEOFILO,PATRIOTA,14,0
ED MARTE,PSOL,520,"0,04"
EDERSON MEL«O,PC do B,227,"0,02"
EDGAR,PSDB,362,"0,03"
ED÷DACIO MEDEIRO,PC do B,89,"0,01"
EDILSON MARTINS,PP,1215,"0,1"
EDIMAR XAVIER,PSL,38,0
EDIMILSON ITA,PC do B,361,"0,03"
EDINA BARBOSA,PSD,710,"0,06"
EDINHO RIBEIRO,PP,1132,"0,1"
EDISANTOS DO V3,PSD,59,"0,01"
EDIVALDO BARBOSA - EDITUDO,CIDADANIA,120,"0,01"
EDIVALDO TATµ,PP,229,"0,02"
EDMAR BRANCO,PSB,8103,"0,69"
EDMAR JUNIOR,DEM,211,"0,02"
EDMAR NUNES,PSL,249,"0,02"
EDMILSON DA MARINHA MERCANTE,PODE,15,0
EDMILSON DA ONG FIO DE LUZ,PODE,716,"0,06"
EDMILSON FIII,SOLIDARIEDADE,1413,"0,12"
EDMUNDO CHOCOLATE,AVANTE,180,"0,02"
EDNA DA IZIDORA,UP,381,"0,03"
EDNA GONÄALVES,CIDADANIA,696,"0,06"
EDNA MOVIMENTA,PMN,235,"0,02"
EDSON ATIVISTA,PROS,35,0
EDSON CRUZ,PODE,258,"0,02"
EDSON PROFETA,PTC,271,"0,02"
EDSON SANTOS PHOENIX,PP,548,"0,05"
EDSON SOUZA,PL,182,"0,02"
EDU MAYER,CIDADANIA,687,"0,06"
EDUARDO ALMEIDA,UP,34,0
EDUARDO APLICATIVOS,PATRIOTA,48,0
EDUARDO BESSA,PP,1870,"0,16"
EDUARDO BOLINA DA CNI,REDE,1462,"0,13"
EDUARDO CALDEIRA ,PDT,933,"0,08"
EDUARDO COSSO DADINHO,PROS,1765,"0,15"
EDUARDO DA AMBUL∂NCIA,PSC,3093,"0,26"
EDUARDO GUERRA,DEM,234,"0,02"
EDUARDO KALIL,PL,355,"0,03"
EDUARDO MAGNO,PSL,274,"0,02"
EDUARDO NOVAIS,PT,920,"0,08"
EDUARDO OTONI,SOLIDARIEDADE,726,"0,06"
EDUARDO PALMEIRA,REPUBLICANOS,82,"0,01"
EDUARDO PIMENTA,SOLIDARIEDADE,435,"0,04"
ELAINE BRANCO,PROS,8,0
ELAINE LEITE,AVANTE,40,0
ELCIO DO CHALê DA COSTELA,PSD,488,"0,04"
ELCIO JUNIOR,PTC,372,"0,03"
ELDICE DOS SANTOS,PRTB,51,0
ELENA LAIA,PATRIOTA,69,"0,01"
ELENICE DA SAÈDE,CIDADANIA,14,0
ELI PINHEIRO,PROS,70,"0,01"
ELIANA GONÄALVES,PROS,264,"0,02"
ELIANE TURRA,NOVO,438,"0,04"
ELIAS CAMILLO,PMN,20,0
ELIAS DIAS,PRTB,29,0
ELIAS LALUZ ABRAS,PTB,1277,"0,11"
ELIEZER SABINO,PSB,61,"0,01"
ELISANGELA DOS SANTOS,PT,51,0
ELIZETE MARTINS,REPUBLICANOS,244,"0,02"
ELIZETE MOTA,PSC,64,"0,01"
ELO÷SA NOGUEIRA,REPUBLICANOS,20,0
ELTON KEKE,PSB,227,"0,02"
ELVIRO PORTO,PSB,46,0
ELVIRO SAMPAIO,REPUBLICANOS,97,"0,01"
ELVIS C‚RTES,PSD,2179,"0,19"
ELZI BARBOSA,PSB,38,0
EMANOEL SADY DO SINTTRAV,MDB,852,"0,07"
EMANUEL BONFANTE,PCB,65,"0,01"
EMANUEL SILVA,AVANTE,171,"0,01"
EMBAIXADOR C‡SMICO DA PAZ,PRTB,22,0
EMERSON ALEX,SOLIDARIEDADE,456,"0,04"
EMERSON MISAEL,PRTB,151,"0,01"
EMERSON RODRIGUES,REDE,721,"0,06"
ENDINHO DO SAL«O,PL,86,"0,01"
ENFERMEIRO EDEVAL,MDB,436,"0,04"
ENFERMEIRO GABRIEL VENTURA,REPUBLICANOS,241,"0,02"
ENFERMEIRO HUD,PT,1658,"0,14"
ENG. WELLINGTON LUCAS,PSL,412,"0,04"
ENGENHEIRO FABR÷CIO,REDE,974,"0,08"
ENIR PEREIRA,PL,115,"0,01"
ERIKA LOPES,PATRIOTA,141,"0,01"
ERMINDA MARQUES,PT,146,"0,01"
ERNANE DE CµSSIO,CIDADANIA,19,0
ERNANE PITANGUI,REPUBLICANOS,415,"0,04"
ESPIG«O DO GµS,DEM,233,"0,02"
ESTOFADO COSTA,PSC,27,0
EUDES MARIANO DO SAL«O,MDB,394,"0,03"
EULINA CRISTINA,PP,286,"0,02"
EVA AMBULANTE,PSB,27,0
EVA MEDEIROS,REPUBLICANOS,52,0
EVALDO ALVES,REPUBLICANOS,112,"0,01"
EVALDO DUARTE,PATRIOTA,53,0
EVANDRO SOUZA,REDE,1695,"0,15"
EVANGELISTA ANDRê DIAS,PSD,1125,"0,1"
FABIANA MOSSEM,CIDADANIA,20,0
FABIANO DA DROGARIA MENEZES,MDB,1392,"0,12"
FABIO DA PAMPULHA,PSD,12,0
FµBIO DA QUADRA,REDE,459,"0,04"
FABIO DE OLIVEIRA,PSC,14,0
FµBIO RODRIGUES,PTC,286,"0,02"
FµBIO SANTOS,PDT,198,"0,02"
FABRICIO NUNES,REPUBLICANOS,264,"0,02"
FAFATE BITTENCOURT,PSL,33,0
FµTIMA BURGER,PT,75,"0,01"
FELIPE COELHO,REDE,394,"0,03"
FELIPE PIL‡,PP,795,"0,07"
FELIPE PRADO,PSDB,62,"0,01"
FELIPE REIS,PP,137,"0,01"
FELIPE SCARPELLI,AVANTE,736,"0,06"
FELIPPE BRANCO,PSOL,333,"0,03"
FERNANDA FERREIRA,PSD,212,"0,02"
FERNANDA PEREIRA ALTOê,NOVO,6049,"0,52"
FERNANDA SAMPAIO,CIDADANIA,386,"0,03"
FERNANDINHO DO SAMU,PSDB,513,"0,04"
FERNANDO DE NORONHA,PSB,236,"0,02"
FERNANDO FILHO DO PEREIRA,PSDB,61,"0,01"
FERNANDO LUIZ,PSD,10620,"0,91"
FERNANDO MEIRA DA ONG,PODE,282,"0,02"
FERNANDO SANTANA DO MAMBH,PV,488,"0,04"
FERRARI,SOLIDARIEDADE,70,"0,01"
FERREIRA MOTOBOY,PSD,493,"0,04"
FILIPE BATISTA,SOLIDARIEDADE,2232,"0,19"
FILIPE IKIS,CIDADANIA,934,"0,08"
FILO,PTB,97,"0,01"
FIRMINO DO PICOLê,PL,102,"0,01"
FLµVIA BORJA,AVANTE,5887,"0,5"
FLµVIA FIUZA,NOVO,406,"0,03"
FLAVIO ALEXANDRE,PL,163,"0,01"
FLAVIO CD,MDB,175,"0,01"
FLµVIO DOS SANTOS,PSC,1717,"0,15"
FLAVIO LUCIO,PSB,495,"0,04"
FLAVIO MINEIRO,PV,124,"0,01"
FORMIGA,PSB,5,0
FRANCIELE MORALES,PODE,228,"0,02"
FRANCIELLY LIMA,REPUBLICANOS,3,0
FRANCISCO MARCELINO,AVANTE,59,"0,01"
FRANK DE PINHO,DEM,393,"0,03"
FRED AISC,DC,991,"0,08"
FRED PALMEIRA,PDT,131,"0,01"
FREDNEY MENDES,PT,33,0
GABI DO SANTUµRIO PATAS,PATRIOTA,984,"0,08"
GABRIEL,PATRIOTA,13088,"1,12"
GABRIEL  THALES,DEM,128,"0,01"
GABRIEL LOPO,UP,869,"0,07"
GABRIEL RIBAS,PTB,398,"0,03"
GABRIEL SAPUCAIA,NOVO,887,"0,08"
GABRIEL VAZ,NOVO,328,"0,03"
GABRIELA MARRECO,PCB,96,"0,01"
GABRIELLA ROBERTA,PDT,3,0
GAGUINHO DA LANTERNAGEM,DEM,1298,"0,11"
G“,SOLIDARIEDADE,449,"0,04"
GEDEON DE SOUZA,DC,403,"0,03"
GEOVANE NEG«O,PSB,35,0
GERALDA MAGALH«ES,PSB,40,0
GERALDA RODRIGUES,PP,120,"0,01"
GERALDINHO DA ASSOCIAÄ«O,PT,501,"0,04"
GERALDINHO DO GµS,PT,463,"0,04"
GERALDO CABEÄ«O,REPUBLICANOS,125,"0,01"
GERALDO DA DISTRIBUIDORA ,PATRIOTA,510,"0,04"
GERALDO DO ESCOLAR,MDB,503,"0,04"
GERALDO MARACUNAIA,PDT,117,"0,01"
GERALDO NERES,UP,372,"0,03"
GERALDO RHODES,PTB,249,"0,02"
GERALDO SOARES,PSC,213,"0,02"
GESSê,PTB,233,"0,02"
GETÈLIO CORREIA,PC do B,48,0
GEZIEL RIBEIRO,PTC,121,"0,01"
GIGI DO SAL«O,PSD,283,"0,02"
GIL FISIOTERAPEUTA,PSL,105,"0,01"
GIL JÈNIOR,CIDADANIA,56,0
GILBERTO DA NORTE BH,CIDADANIA,441,"0,04"
GILBERTO DO DEP‡SITO,PTB,168,"0,01"
GILBERTO LOPES,REPUBLICANOS,100,"0,01"
GILBERTO SILVA,PODE,506,"0,04"
GILDETE ALVES,PSC,214,"0,02"
GILMAR DEPOSITO QUATRO IRM«OS,PSC,315,"0,03"
GILSON GUIMAR«ES,REDE,3593,"0,31"
GILSON MAGALHAES,PL,57,0
GILSON REIS,PC do B,3398,"0,29"
GINITHON FERREIRA,DEM,388,"0,03"
GIOVANI MATOS,SOLIDARIEDADE,993,"0,08"
GIRLENE LAGES,AVANTE,275,"0,02"
GISELE DA MATA,NOVO,307,"0,03"
GISELE DO CERA,PSL,293,"0,03"
GLADSON REIS,PP,1122,"0,1"
GLADSTONE,PATRIOTA,90,"0,01"
GLAUBER CALAZANS,PL,304,"0,03"
GLAUCIA DOS EVENTOS,PV,156,"0,01"
GLAURIA LELIS,PSC,27,0
GLEINE CARVALHO,PRTB,780,"0,07"
GLEYK SILVEIRA,PSB,190,"0,02"
GODOFREDO ALEIXO,REPUBLICANOS,87,"0,01"
GORETE DO MOVIMENTO,PSB,224,"0,02"
GRAÄA DA PIPOCA,PL,122,"0,01"
GR«O MESTRE DUNGA,REDE,419,"0,04"
GRAZI ARAÈJO,PSC,67,"0,01"
GU,PSDB,73,"0,01"
GUD«O,PP,592,"0,05"
GUILHERME BHERING EMPREGOS BH ,SOLIDARIEDADE,672,"0,06"
GUILHERME DA FARMACIA,DEM,58,0
GUILHERME GIMENEZ,PODE,1295,"0,11"
GUILHERME NEVES,DEM,165,"0,01"
GUILHERME TAMPIERI,PSOL,1198,"0,1"
GUILHERME TRINTA,AVANTE,2158,"0,18"
GUIM PAGANNINY,PTC,506,"0,04"
GUINHO DISTRIBUIDORA POPULAR,PODE,1218,"0,1"
GUSTAVO BENTES,PATRIOTA,1141,"0,1"
GUSTAVO DAMµSIO,REPUBLICANOS,330,"0,03"
GUSTAVO PIRES,PROS,1240,"0,11"
GUSTTAVO APP,PSL,81,"0,01"
GUTO STENNER,PMN,934,"0,08"
HAISSA SIQUEIRA,PL,189,"0,02"
HAMILTON VIGILANTE,PP,502,"0,04"
HAROLDO DARTAGNAN,PC do B,443,"0,04"
HELH«O EDUCADOR,AVANTE,182,"0,02"
HELINHO DA FARMµCIA,PSD,7554,"0,65"
HêLIO COSTA,MDB,48,0
HELIO FILHO BH,NOVO,664,"0,06"
HêLIO KATU,MDB,133,"0,01"
HELIO MARCASSA,PDT,637,"0,05"
HELTON AIRONE,CIDADANIA,223,"0,02"
HELTON JUNIOR ,PDT,2309,"0,2"
HEMILY GABRIELE,REPUBLICANOS,18,0
HENRIQUE BRAGA,PSDB,4045,"0,35"
HENRIQUE FêLIX,PTC,128,"0,01"
HENRIQUE FERREIRA,MDB,23,0
HENRIQUE MENDES CAMPOS,PSC,478,"0,04"
HILDEBRANDO PEREIRA,PV,143,"0,01"
HILDINHA DA PRAÄA,PSD,383,"0,03"
HILTON PAIVA TIM,SOLIDARIEDADE,962,"0,08"
HOLSTEIN COUTINHO ,PATRIOTA,354,"0,03"
HORT“NCIA CONTADORA,SOLIDARIEDADE,913,"0,08"
HUDSON DINHO,PATRIOTA,457,"0,04"
HUDSON LUIZ,PSL,404,"0,03"
HUGLEIBER TEIXEIRA,REDE,2375,"0,2"
HUGO PERES,PDT,214,"0,02"
HUMBERTO GUERRA,MDB,62,"0,01"
IDêLCIO FERREIRA,REDE,2490,"0,21"
IEIê,CIDADANIA,40,0
IGOR VICTOR,PATRIOTA,160,"0,01"
IL÷DIO FERRARINHA,SOLIDARIEDADE,271,"0,02"
INHO DA BORRACHARIA,PTC,346,"0,03"
INSPETOR WILLIAN BRAGA,AVANTE,2108,"0,18"
INSTRUTOR REINALDO,PTC,3767,"0,32"
INSTRUTOR WELLINGTON,DEM,26,0
IRANI DO SUPLETIVO,AVANTE,41,0
IRINEU SILVEIRA,PATRIOTA,1152,"0,1"
IRIS,PP,23,0
IRLAN MELO,PSD,8902,"0,76"
IRM« CARLA,PODE,185,"0,02"
IRM« CIDA,MDB,116,"0,01"
ISRAEL FILHO,PATRIOTA,73,"0,01"
ISRAEL LETI,PATRIOTA,244,"0,02"
IVAN C∂NDIDO INST CAPRICHO,REDE,809,"0,07"
IVAN PAPO RETO,PSL,189,"0,02"
IVANI DO CARMO,PV,90,"0,01"
IVANI ROSA,PSL,202,"0,02"
IZA LOURENÄA,PSOL,7771,"0,67"
IZABELLA TURQUETTI,PC do B,52,0
IZAIAS DO RESTAURANTE,DC,229,"0,02"
IZAQUE FERNANDES,PTB,63,"0,01"
JACK DO BAIRRO GOI∂NIA,PP,129,"0,01"
JACKSON,PSOL,386,"0,03"
JACQUELINE BELICO,PTB,76,"0,01"
JADISON NANTES,REDE,804,"0,07"
JAIR DI GREG‡RIO,PSD,4123,"0,35"
JAIRO BARRIONI,PDT,321,"0,03"
JANAINA ALVES,PRTB,19,0
JANAINA ANDRADE,PMN,63,"0,01"
JANAINA CARDOSO,PSL,3717,"0,32"
JANA÷NA DE OLIVEIRA,PSDB,14,0
JANIO PAULO,DEM,1567,"0,13"
JAPOLINO DA AUTO ESCOLA,DEM,258,"0,02"
JAQUELINE ROSA,PL,123,"0,01"
JARDEL,PDT,688,"0,06"
JB JOAO BRAZ EVANGELISTA,PL,149,"0,01"
JEAN DUDU,PL,245,"0,02"
JEANINE,CIDADANIA,634,"0,05"
JEFFIM DA PUC,PT,83,"0,01"
JERRY LEITE,PSD,177,"0,02"
JESSICA NATANE,PMN,8,0
JHONNY DO SAL«O,MDB,136,"0,01"
J‚ DO PINDORAMA,PP,1561,"0,13"
J‚ FURBINO ARO,PL,101,"0,01"
J‚ MORAES,PC do B,4362,"0,37"
JOANA D ARC (DO NAZARê),PDT,102,"0,01"
JOANA RODRIGUES,PROS,105,"0,01"
JOANES SILVA,PSD,1334,"0,11"
JO«O BORRACHA,PODE,119,"0,01"
JO«O CARLOS JOHNNY,PROS,90,"0,01"
JO«O COLETA,CIDADANIA,300,"0,03"
JO«O DO ARMAZEM,PMN,307,"0,03"
JO«O DO BAR,REPUBLICANOS,284,"0,02"
JO«O DO FORRO,REPUBLICANOS,411,"0,04"
JO«O HENRIQUE HORTA MASCI,PDT,57,0
JO«O MARCELO SIMÂES,NOVO,180,"0,02"
JO«O MOREIRA,PSC,1025,"0,09"
JO«O OSCAR,AVANTE,1390,"0,12"
JO«O STOPPA,NOVO,530,"0,05"
JO«O VICTOR,PSB,64,"0,01"
JO«OZINHO DA AMBUL∂NCIA,SOLIDARIEDADE,460,"0,04"
JOAQUIM PEREIRA,CIDADANIA,107,"0,01"
J‚HNY FARMAC“UTICO,PTB,2122,"0,18"
JOINHA EDUARDO DE Sµ,AVANTE,322,"0,03"
JONATHAN ALEXANDER,PSL,31,0
JORGE GABRIEL,PT,346,"0,03"
JORGE HANNAS,SOLIDARIEDADE,1020,"0,09"
JORGE MµQUINAS,PDT,349,"0,03"
JORGE SANTOS,REPUBLICANOS,7691,"0,66"
JORGE TOMICH,PSC,154,"0,01"
JORJ«O DO SINTEEL,PC do B,57,0
JOSE ANGELO POETA,PV,37,0
JOSê ANT‚NIO SAGRADA FAMILIA,REPUBLICANOS,295,"0,03"
JOSE DIMAS,PMN,26,0
JOSê ESTEV«O - TAXISTA,REDE,390,"0,03"
JOSê FERREIRA PROJETO AJUDAI,PP,3311,"0,28"
JOSE FRANCISCO ,PMN,33,0
JOSE GONÄALVES,PSL,83,"0,01"
JOSê HENRIQUE,NOVO,688,"0,06"
JOSê JUNIOR,AVANTE,134,"0,01"
JOSê MATIAS DESPACHANTE,MDB,186,"0,02"
JOSê MENDES DA SILVA PAPAGAIO,MDB,31,0
JOSê PAULO,CIDADANIA,64,"0,01"
JOSE RENATO O BENÄ«O,PMN,230,"0,02"
JOSê ROBERTO OUTEIRO BETO,PSC,328,"0,03"
JOSE RODRIGUES (ZEZINHO),PODE,48,0
JOSêLIA PPL,REDE,169,"0,01"
JOSIEL  RODRIGUES,REPUBLICANOS,75,"0,01"
JOSUê DA ENFERMAGEM,PV,321,"0,03"
JOSY DA PEDREIRA,PV,44,0
JÈ BORGES,REDE,398,"0,03"
JÈLIA SANT ANA,CIDADANIA,705,"0,06"
JULIANA NORMAND,PSD,793,"0,07"
JULIANA ROQUE,CIDADANIA,204,"0,02"
JULIANA SANTANA,PATRIOTA,6,0
JULIANA ZAULI BAGNO,PSD,414,"0,04"
JULIANO DOS SANTOS,UP,332,"0,03"
JULIANO PARENTONI,PATRIOTA,589,"0,05"
JULIARINA CRUZ,DEM,64,"0,01"
JULIO DO MERCADO CENTRAL,PMN,1092,"0,09"
JÈLIO FESS‚(#),REDE,3037,"0,26"
JULIO TAVARES,PDT,86,"0,01"
JÈNIA SOBRINHO,PTB,229,"0,02"
JUNINHO DA PRACINHA,CIDADANIA,224,"0,02"
JUNINHO DO IAPI PELOTA,PP,806,"0,07"
JUNINHO JORNALISTA,PDT,339,"0,03"
JUNINHO LOS HERMANOS,AVANTE,7810,"0,67"
JUNINHO PAIM,AVANTE,2679,"0,23"
JUNINHO PIZZAIOLO,PODE,579,"0,05"
JUNIO ALEX,SOLIDARIEDADE,249,"0,02"
JUNIOR BRASIL DA ITATIAIA,PTB,1108,"0,09"
JUNIOR GODZILLA,PMN,578,"0,05"
JUSCêLIA LACERDA,REDE,237,"0,02"
JUSCELINO,PT,71,"0,01"
JUSSARA BORGES,PP,278,"0,02"
JUSSARA BRAND«O,PODE,10,0
JUVENIL BAIXINHO DO BAR,AVANTE,124,"0,01"
KALIOPI SOFIA,PSDB,44,0
KARINA PEREIRA,PDT,402,"0,03"
KARINE MIGLES,PROS,5,0
KARINE RAFAELA,PSDB,7,0
KASSINHA,PTB,255,"0,02"
KATHLEEN REIS,REPUBLICANOS,46,0
KATIA ARAÈJO,PTB,69,"0,01"
KATIA VALêRIA,SOLIDARIEDADE,349,"0,03"
KBEÄA GEORGE,PSD,406,"0,03"
KEILA JACQUELINE,REDE,1354,"0,12"
KELINE LIMA DO ESCOLAR,AVANTE,158,"0,01"
KELLY MENDES,PTB,230,"0,02"
KELLY SOUZA,PTC,183,"0,02"
KENIA,PP,63,"0,01"
K“NIA RIBEIRO,PSOL,311,"0,03"
KERISON LOPES,PT,1993,"0,17"
KESIA SOIER,PSD,250,"0,02"
KESSIA CRISTINA,PC do B,269,"0,02"
KET,PROS,4,0
KEY KLAUS KEY SHIMABUKURO,PROS,471,"0,04"
KIDINHO,MDB,559,"0,05"
KIKO BH,PDT,138,"0,01"
KILSON TELES,PSL,151,"0,01"
KUEI BAILE DO FERA,PROS,2517,"0,22"
LAERTE DA AUTO ESCOLA,PSDB,1240,"0,11"
LAFAIETE MENDONÄA,PODE,317,"0,03"
LAGUNA,NOVO,1160,"0,1"
LA÷DE BRIGADO DENADA,PL,77,"0,01"
LAINNIO SOARES,PV,69,"0,01"
LAIS CRUZ,PMN,81,"0,01"
LALµ,PL,176,"0,02"
LANDSTONE,PT,213,"0,02"
LARISSA CALIXTO,PDT,6,0
LAUDICEIA MOTORISTA,PL,67,"0,01"
LAURA COSTA,SOLIDARIEDADE,2017,"0,17"
LAURIMAR PIRES,SOLIDARIEDADE,551,"0,05"
LEA CARDOSO,PSD,99,"0,01"
LEANDRO DO LAVA JATO,AVANTE,254,"0,02"
LEANDRO DO TIROL,PSD,423,"0,04"
LEANDRO MARIANO,PL,44,0
LEANDRO SANTIAGO,PV,177,"0,02"
LENA GOMES,PV,31,0
LEO BAR«O,SOLIDARIEDADE,524,"0,04"
L“O BURGUES,PSL,6190,"0,53"
LêO CRUZ,PT,506,"0,04"
LêO DO SAL«O,PODE,328,"0,03"
LEONARDO ANGELO DA ITATIAIA,CIDADANIA,4273,"0,37"
LEONARDO DIAS,PMN,241,"0,02"
LEONARDO MARTINS TI LELEO,PSL,1940,"0,17"
LEONARDO MATTOS,AVANTE,1656,"0,14"
LEONARDO RODRIGUES,PMN,491,"0,04"
LEONARDO SILVA,CIDADANIA,1226,"0,1"
LEONARDO VIN÷CIUS ARAÈJO,PDT,640,"0,05"
LEONARIO FELIX,PT,82,"0,01"
LE‚NCIO FERREIRA,DC,263,"0,02"
LEONEL RIBEIRO,PDT,363,"0,03"
LEONICE TOLENTINO,PTB,177,"0,02"
LEONOR FERREIRA,REPUBLICANOS,86,"0,01"
LEOZINHO A VOZ DO POVO,PTB,100,"0,01"
LEVITA SILVANA LE«O,PTC,173,"0,01"
LICA DO BARREIRO,PATRIOTA,53,0
LILIAN DA EDUCAÄ«O,PTC,105,"0,01"
LINCOLN MIALARET,PMN,296,"0,03"
LINDOMAR DO GµS,PP,572,"0,05"
LO÷DE GONÄALVES,PODE,3960,"0,34"
LOIRA DO BICHO,PDT,10,0
LORENA NIZER,PSL,101,"0,01"
LORRAINE GONÄALVES,PSDB,8,0
LORRANE RODRIGUES,PSD,527,"0,05"
LOURDES MARIA,PSL,86,"0,01"
LOURIVAL CONSTRUTOR,PTC,353,"0,03"
LÈ CAETANO,PTC,3532,"0,3"
LU DAYRELL,PSDB,99,"0,01"
LU EDUCADORA ,PDT,123,"0,01"
LÈ SILVA,PSDB,244,"0,02"
LUANA DA SORVETERIA,REDE,87,"0,01"
LUANNA RAMALHO,PC do B,285,"0,02"
LUCAS DO CAMPINHO,MDB,417,"0,04"
LUCAS DO VALE,REPUBLICANOS,133,"0,01"
LUCAS FREIRE,PROS,503,"0,04"
LUCAS GOMES,PTC,200,"0,02"
LUCAS JARDIM PRATES,PODE,984,"0,08"
LUCAS JUNIOR,PV,747,"0,06"
LUCAS PITTA,NOVO,2883,"0,25"
LUCAS RODRIGUES,NOVO,312,"0,03"
LUCAS SILVA,NOVO,385,"0,03"
LUCI GODOI,PATRIOTA,25,0
LUCIA ALCANTARA,REPUBLICANOS,248,"0,02"
LUCIANA LANA,REDE,259,"0,02"
LUCIANA RESENDE,DEM,190,"0,02"
LUCIANA TAMEIR«O,DC,0,0
LUCIANA VAZ,PC do B,88,"0,01"
LUCIANA ZAMBALDI,PSB,147,"0,01"
LUCIANO BARCELOS,PSDB,921,"0,08"
LUCIANO DA ADEGA,PODE,230,"0,02"
LÈCIO BOC«O,PSDB,1441,"0,12"
LÈCIO JORGE,CIDADANIA,43,0
LÈCIO PIRES ,PSC,273,"0,02"
LU÷S EVANGELISTA,PSOL,93,"0,01"
LU÷S QUADROS,REDE,413,"0,04"
LUIZ BALBINO,PDT,247,"0,02"
LUIZ CARLOS,PC do B,6,0
LUIZ CARLOS VENCEDOR,PSC,12,0
LUIZ FREIRE,PROS,137,"0,01"
LUIZ GAZOLLA,NOVO,367,"0,03"
LUIZ HENRIQUE,REPUBLICANOS,241,"0,02"
LUIZ HENRIQUE DA LUIZ VIDAS,PSC,3139,"0,27"
LUIZA FERNANDES,PSC,35,0
LUIZA SATHELER,PATRIOTA,109,"0,01"
LUZIA FERREIRA,PTC,304,"0,03"
MACAê EVARISTO,PT,5985,"0,51"
MACALê DO CHUP CHUP,PROS,688,"0,06"
MADRINHA GISLENE LOURDES,SOLIDARIEDADE,202,"0,02"
MAêRCIO OLIVEIRA,PSB,375,"0,03"
MAGALI FONSECA,PV,193,"0,02"
MAGALI SAMPAIO,PV,322,"0,03"
MAGR«O,PL,483,"0,04"
MAGUIL COSTA,PATRIOTA,393,"0,03"
MAKOTA CASSIA KIDOIALE,PSOL,1790,"0,15"
MALU LOPES,MDB,135,"0,01"
MANINHO FêLIX,PSD,5697,"0,49"
MANUEL ARNESINO,PT,612,"0,05"
MARA,MDB,108,"0,01"
MARCELA RICARDO,NOVO,2547,"0,22"
MARCELA SANTANA,PDT,23,0
MARCELA TR‡PIA,NOVO,10741,"0,92"
MARCELA VALENTE,PSL,695,"0,06"
MARCêLIA CARVALHO,PTB,703,"0,06"
MARCELINHO,AVANTE,1306,"0,11"
MARCELO AGUIAR,NOVO,2128,"0,18"
MARCELO CACIANO,PSC,700,"0,06"
MARCELO CARVALHO,PTC,139,"0,01"
MARCELO DA LOTêRICA,PTC,458,"0,04"
MARCELO DAS LIVESBR,PSB,24,0
MARCELO DINIZ,PP,255,"0,02"
MARCELO DO ESCOLAR,PTC,604,"0,05"
MARCELO QUEIROZ,PODE,199,"0,02"
MARCELO SANTOS,DEM,1160,"0,1"
MARCELO ZAMBIA,PODE,181,"0,02"
MARCIA ALVES,DEM,41,0
MARCIA BRAGA,PATRIOTA,209,"0,02"
MARCIA CATIGURIA,DEM,152,"0,01"
MµRCIA DA FARMµCIA,PATRIOTA,811,"0,07"
MARCIA PRUDENTE,PV,1003,"0,09"
MARC÷LIO,PTB,139,"0,01"
MARCINHO DO JORNAL NOROESTE,PL,221,"0,02"
MARCIO ALMEIDA DA AMBUL∂NCIA,SOLIDARIEDADE,705,"0,06"
MµRCIO ANDRADE,PP,371,"0,03"
MµRCIO BOMBOM,PSC,0,0
MARCIO CASTOR,PRTB,112,"0,01"
MµRCIO DA ONG,PTC,622,"0,05"
MµRCIO MARTINS ATOR,MDB,146,"0,01"
MARCIO ROBERTO,PL,39,0
MARCIO TEODORO,PSC,492,"0,04"
MµRCIO TIA PENHA,DEM,476,"0,04"
MARCO ROCHA,DEM,222,"0,02"
MARCOS,PSB,84,"0,01"
MARCOS AURêLIO VOLTA COBRADOR,PTC,1414,"0,12"
MARCOS BARRETO,PTC,458,"0,04"
MARCOS BORGES,PTB,2861,"0,24"
MARCOS CRISPIM,PSC,3355,"0,29"
MARCOS LIMA POLICIAL FEDERAL,PP,288,"0,02"
MARCOS LOPES,PTB,944,"0,08"
MARCOS MENDES,PMN,75,"0,01"
MARCOS OLIVEIRA,PC do B,661,"0,06"
MARCOS PAULO  PORKIN,REDE,232,"0,02"
MARCOS SARITA,PATRIOTA,674,"0,06"
MARCUS  LIMA,PRTB,177,"0,02"
MARCUS PAYX«O,PROS,325,"0,03"
MARCUS RUSSO,AVANTE,638,"0,05"
MARCYA LOPES,PMN,25,0
MARDEN PIMENTA,PTB,329,"0,03"
MARGARETH MEG,PROS,356,"0,03"
MARIA ALICE,PROS,271,"0,02"
MARIA ANTONIA DA UMCA,PSL,1242,"0,11"
MARIA AUXILIADORA  DODORA,PMN,22,0
MARIA CLARA,PROS,181,"0,02"
MARIA DA CONSOLAÄ«O,PSOL,4199,"0,36"
MARIA DO PROJETO,AVANTE,146,"0,01"
MARIA ELISA MEDEIROS,SOLIDARIEDADE,792,"0,07"
MARIA LUCIA SCARPELLI,PSD,2648,"0,23"
MARIA NEIDE,PV,81,"0,01"
MARIA SUELY DELEGADA,PMN,29,0
MARIAH BROCHADO,REDE,988,"0,08"
MARIANA BATISTA,PP,359,"0,03"
MARIANNA VERSIANI,PCB,272,"0,02"
MARILDA PORTELA,CIDADANIA,4425,"0,38"
MARILDA SILVA,PSB,79,"0,01"
MARILENE TEIXEIRA,PRTB,20,0
MARINA BARROS,REDE,648,"0,06"
MARINA PORCARO,PV,5,0
MARINALVA DO MIX BURGUER,PL,9,0
MARISA DO BOLO,PATRIOTA,681,"0,06"
MARISVALDO DO FERRO VELHO,MDB,159,"0,01"
MARLENE DE SOUZA,PV,116,"0,01"
MARLI DO PROJETO,PSB,63,"0,01"
MARLI SAÈDE,PC do B,110,"0,01"
MARLON SILVEIRA,REDE,185,"0,02"
MARLÈCIA - TIA LÈ,REDE,775,"0,07"
MARQUIM DO PAPAGAIO,SOLIDARIEDADE,181,"0,02"
MARQUINHO,PSDB,83,"0,01"
MARQUINHO FICHE,PTC,151,"0,01"
MARQUINHOS DA FEIRA HIPPIE,DEM,101,"0,01"
MARQUINHOS NAVES,SOLIDARIEDADE,1391,"0,12"
MARTA DIAS,PTC,108,"0,01"
MARTINHO GREGORIO ,PMN,7,0
MARY SANTOS LORA DA COMUNIDADE,PTB,56,0
MARY SOARES DO SINTEL,PT,50,0
MATEUS CARVALHO,PATRIOTA,872,"0,07"
MATEUS DO ‚NIBUS,PROS,75,"0,01"
MAURICIO - MAURICINHO,PSDB,51,0
MAURICIO DO CHURRASCO,PSDB,55,0
MAURICIO DOS PASSOS,PSL,101,"0,01"
MAUR÷CIO MARQUES,CIDADANIA,282,"0,02"
MAURICIO VIDAL,PSL,456,"0,04"
MAURICIO VITOR,PV,160,"0,01"
MAUR÷LIO PEDROSA,PROS,900,"0,08"
MAURILIO QUEIROZ,NOVO,387,"0,03"
MAURO ANT‚NIO,MDB,246,"0,02"
MAURO SCARPONI,PSB,125,"0,01"
MAURO SIM,PSL,371,"0,03"
MAX DO VALE,PROS,193,"0,02"
MAX LOTUS,SOLIDARIEDADE,144,"0,01"
MAX Pê DE CACHORRO COCA COLA,PL,89,"0,01"
MEIRE DO BARREIRO,PSDB,619,"0,05"
MEIRE SILVA,PDT,53,0
MELISSA,PROS,88,"0,01"
MENDONÄA,PP,1518,"0,13"
MESTRE CHICOREBA,PC do B,197,"0,02"
MESTRE LIM,PV,306,"0,03"
MICAELA,PL,52,0
MICHEL DA MELK,PROS,2937,"0,25"
MICHELE INACIA,PTC,33,0
MICHELINE OLIVEIRA,PODE,76,"0,01"
MICHELLE DA CRECHE,PP,2806,"0,24"
MIGUEL BISCOITEIRO,DEM,150,"0,01"
MILO DA DISTRIBUIDORA,PTC,2316,"0,2"
MILTINHO CGE,PDT,4176,"0,36"
MIRAMAR,PV,33,0
MISAEL DA RADIO FAVELA,PMN,984,"0,08"
MISSIONµRIA ANDRêIA RIBEIRO,AVANTE,220,"0,02"
MISSIONµRIA CIDA,PSB,64,"0,01"
MISSIONµRIA CLêSSIA,AVANTE,85,"0,01"
MISSIONµRIA IRACEMA,PSB,548,"0,05"
MISSIONµRIA LILIAN DIAS,MDB,379,"0,03"
MISSIONARIA MARILANDE BRAND«O,REPUBLICANOS,154,"0,01"
MISSIONµRIA VERA LUCIA,PMN,42,0
MOACIR BELOTE BELLOLOTTE,PTC,97,"0,01"
MOAMED RACHID,PTB,132,"0,01"
MOISêS PINHEIRO,PV,431,"0,04"
MONICA FERREIRA,PDT,44,0
MONIQUE DO ODONTOL‡GICO,SOLIDARIEDADE,179,"0,02"
MUCA,PL,183,"0,02"
MÈCIO MASE,PTC,300,"0,03"
MULHERES NEGRAS SIM,PSOL,2141,"0,18"
MUTUM BATERIAS,PATRIOTA,775,"0,07"
NAJLA RODRIGUES,PRTB,1,0
NANAN DO GALO DOIDO,PTB,438,"0,04"
NANDO CABELEIREIRO,PP,124,"0,01"
NARCISO JOSE,PSL,1516,"0,13"
NATALIA ESTHER,PSDB,58,0
NATµLIA GRANATO,PSOL,380,"0,03"
NATµLIA SEVERINO,AVANTE,538,"0,05"
NATALIE,NOVO,708,"0,06"
NATHµLIA MORAES,PTB,442,"0,04"
NATY GOMES,PROS,0,0
NAYSSA LYERE,PROS,2,0
NEGO D“,PSOL,601,"0,05"
NEIDE DA PADARIA,DC,283,"0,02"
NEIDE DUARTE,PODE,16,0
NEIDINHA PACHECO,PT,302,"0,03"
NEILA BATISTA,PT,2922,"0,25"
NELI MARTINS,SOLIDARIEDADE,284,"0,02"
NELMA TAMIRIS,PSDB,6,0
NELSON DE MELLO DANTAS FILHO,PDT,308,"0,03"
NELY AQUINO,PODE,6788,"0,58"
NELY VIEIRA,DC,50,0
NENECA DO POV«O,PL,132,"0,01"
NENêM DA FARMµCIA,PTC,4460,"0,38"
NERISVALDO BATISTA,DEM,201,"0,02"
NETO,REDE,888,"0,08"
NEUSINHA,PRTB,95,"0,01"
NEY MOUR«O,CIDADANIA,270,"0,02"
NEY ORNELAS,AVANTE,287,"0,02"
NICO FUTBURGUER,PTC,749,"0,06"
NICOLAU DA RUA ACRE,PTC,42,0
NICOLE DIAS,PT,183,"0,02"
NIKOLAS FERREIRA,PRTB,29388,"2,52"
NILD«O S‡ ALEGRIA,PROS,162,"0,01"
NIRLANDO OLIVEIRA,PSL,193,"0,02"
NIVALDO DAS VASSOURAS,PSDB,439,"0,04"
NIVALDO NUNES,PSD,284,"0,02"
N÷VIA SANTOS,SOLIDARIEDADE,4,0
NOBRU,PATRIOTA,136,"0,01"
NONATO DO CRUZEIRO,AVANTE,409,"0,04"
NORMA VEN∂NCIO,MDB,359,"0,03"
N‡S POR N‡S,PSOL,1930,"0,17"
NUNES BACHAREL,PC do B,53,0
OBADIAS PAIX«O,PSDB,171,"0,01"
ODILON ARAÈJO,DEM,126,"0,01"
ODILON PAIVA,PSOL,122,"0,01"
OILSO FONSECA,DEM,98,"0,01"
ONILSON CASSIANO,PSB,136,"0,01"
ONOFRE MAIA,CIDADANIA,33,0
OROZANA PRATES,PSD,793,"0,07"
OSCAR NUNES,PSB,61,"0,01"
OSEAS SOARES,PMN,166,"0,01"
OSVALDO DANTAS,REPUBLICANOS,4,0
OTµVIO MAIA,NOVO,1611,"0,14"
PABLITO,PODE,263,"0,02"
PABLO FIGUEIREDO,REDE,2652,"0,23"
PADILHA,PSD,708,"0,06"
PADRE JEFFERSON,PL,296,"0,03"
PADRE SµVIO,MDB,1343,"0,11"
PASCOAL,PSC,123,"0,01"
PASSARINHO,PC do B,163,"0,01"
PASTOR ANTONIO,PL,159,"0,01"
PASTOR ARTHUR MOURA,MDB,50,0
PASTOR ARTUR,DEM,578,"0,05"
PASTOR JUNIOR VILA VERDE,PSDB,342,"0,03"
PASTOR LAZARO,PSB,198,"0,02"
PASTOR RICHARD SANDER,DC,183,"0,02"
PASTOR WARLEI DIAS,PODE,1784,"0,15"
PASTORA ANA,PL,49,0
PASTORA CARLA,PSC,360,"0,03"
PASTORA JACQUELINE LELIS,PL,63,"0,01"
PASTORA LUCINêIA,MDB,129,"0,01"
PASTORA SILVANA,PTC,27,0
PATI LEIVA,PSD,519,"0,04"
PATR÷CIA DIAS,PTB,55,0
PATR÷CIA MARCELINO,PC do B,37,0
PATR÷CIA MIRANDA,PTB,198,"0,02"
PATRICIA MIRANDA (PATH),PATRIOTA,230,"0,02"
PATRICIA REGINA,DC,67,"0,01"
PATR÷CIO THOMê,PP,462,"0,04"
PATY DO CHEVETTE,DEM,141,"0,01"
PAULA ANDRADE,PDT,13,0
PAULA CAMARGOS,PSDB,380,"0,03"
PAUL«O,PC do B,373,"0,03"
PAULINHO ALELUIA,REPUBLICANOS,266,"0,02"
PAULINHO CABELEREIRO,PTB,393,"0,03"
PAULO COSTA,PL,146,"0,01"
PAULO DA AG“NCIA DE CARROS,REPUBLICANOS,306,"0,03"
PAULO DO MERCADO,MDB,325,"0,03"
PAULO FERREIRA,PRTB,218,"0,02"
PAULO HENRIQUE PH,SOLIDARIEDADE,1001,"0,09"
PAULO LOBATO,PL,376,"0,03"
PAULO NOGUEIRA BARê,PODE,33,0
PAULO ROBERTO,PRTB,235,"0,02"
PAULO V÷TOR VARGAS,NOVO,402,"0,03"
PC SANTOS,REDE,1138,"0,1"
PEDR«O DO BAIRRO S«O JOSê,PL,118,"0,01"
PEDR«O DO DEP‡SITO,CIDADANIA,4241,"0,36"
PEDRO BUENO,CIDADANIA,3102,"0,27"
PEDRO GABRIEL,PCB,45,0
PEDRO JORGE,PC do B,30,0
PEDRO LêLIS,PROS,1256,"0,11"
PEDRO PATRUS,PT,4268,"0,37"
PEDRO SALES,PSB,163,"0,01"
PEDRO SANTANA,AVANTE,1017,"0,09"
PEDRO VIN÷CIUS,PL,54,0
PELE CHAVEIRO,PSC,77,"0,01"
PELê FILETO,PSDB,98,"0,01"
PERISVALDO RODRIGUES,PT,563,"0,05"
PETERSON SILVA,PSC,52,0
PETR‚NIO MATIAS,REDE,2439,"0,21"
PETRONIO MIRANDA,PSL,46,0
PIMENTA DO DEP‡SITO,DEM,463,"0,04"
PIRES,PMN,168,"0,01"
PITA CAMPINENSE,CIDADANIA,112,"0,01"
PITANGUI DO ESPORTE,REPUBLICANOS,840,"0,07"
PLURAL,UP,592,"0,05"
POLIANA DO MLB,UP,1973,"0,17"
POLLETO NEVES-PALHAÄO BISCOITO,PL,206,"0,02"
POLLY DO AMARAL,PSOL,2100,"0,18"
POMPITO LOVE,PV,131,"0,01"
PR JORGE LEAL,PSL,122,"0,01"
PREGUINHO MEU REI,PTB,357,"0,03"
PRETO,DEM,3587,"0,31"
PRETO DA PRETONET,PTB,480,"0,04"
PRICILA CERDEIRA,PSL,135,"0,01"
PRISCILA TORRES,REPUBLICANOS,9,0
PROF DANIEL PORTUGAL,PODE,689,"0,06"
PROF MAURILIO SANTIAGO,PODE,554,"0,05"
PROF WAGNER CARVALHO,PSOL,337,"0,03"
PROF. TOLENTINO,CIDADANIA,243,"0,02"
PROF¶ MARIA JOSê RUGGIO,PATRIOTA,188,"0,02"
PROFESSOR ALEXSANDRO,PC do B,59,"0,01"
PROFESSOR BANDEIRA,PRTB,96,"0,01"
PROFESSOR BRUN«O,PL,1044,"0,09"
PROFESSOR CARLOS,PATRIOTA,743,"0,06"
PROFESSOR CLAUDINEY DULIM,AVANTE,4879,"0,42"
PROFESSOR CRESIO EDUARDO,SOLIDARIEDADE,548,"0,05"
PROFESSOR DANIEL NERY,REDE,630,"0,05"
PROFESSOR FµBIO CARDOSO,PRTB,666,"0,06"
PROFESSOR FABIO HENRI,PV,296,"0,03"
PROFESSOR FRANCISCO FOUREAUX,PDT,348,"0,03"
PROFESSOR GIVANILDO,PATRIOTA,2829,"0,24"
PROFESSOR JAQUES BRAGA,PDT,856,"0,07"
PROFESSOR JORGE BRUNO,SOLIDARIEDADE,2271,"0,19"
PROFESSOR JULIANO LOPES,PTC,5197,"0,44"
PROFESSOR JUVENAL,REDE,1254,"0,11"
PROFESSOR LORIVAL JR.,REDE,394,"0,03"
PROFESSOR MARC«O,PDT,22,0
PROFESSOR MµRCIO BORGES,SOLIDARIEDADE,223,"0,02"
PROFESSOR MµRIO PATRIOTA,REPUBLICANOS,27,0
PROFESSOR MIRO GRAFITE,PL,89,"0,01"
PROFESSOR NEULER,PSD,360,"0,03"
PROFESSOR PAULO,MDB,161,"0,01"
PROFESSOR RAFAEL FROIS,PDT,1617,"0,14"
PROFESSOR RAICKSON,PRTB,174,"0,01"
PROFESSOR RODRIGO BORGES,SOLIDARIEDADE,686,"0,06"
PROFESSOR WANDSON MOUR«O,SOLIDARIEDADE,152,"0,01"
PROFESSOR WESLEY MORAES,PDT,1208,"0,1"
PROFESSORA ADELIA,PL,31,0
PROFESSORA AIRAN,PDT,138,"0,01"
PROFESSORA ANA MARIA,REDE,2054,"0,18"
PROFESSORA ANTONIA,PSC,70,"0,01"
PROFESSORA AUGUSTA,PC do B,34,0
PROFESSORA CARLA RENATA,PTB,391,"0,03"
PROFESSORA CLµUDIA SANTOS,SOLIDARIEDADE,643,"0,06"
PROFESSORA DENISE LEAL,PV,483,"0,04"
PROFESSORA DORA,CIDADANIA,152,"0,01"
PROFESSORA DUDA SALABERT,PDT,37613,"3,22"
PROFESSORA ELISETE,PDT,119,"0,01"
PROFESSORA FLµVIA RITA,AVANTE,4355,"0,37"
PROFESSORA IOLANE,PODE,597,"0,05"
PROFESSORA MARA TELLES,PC do B,399,"0,03"
PROFESSORA MARIA HELENA,REDE,343,"0,03"
PROFESSORA MARLI,PP,14496,"1,24"
PROFESSORA NARA,REDE,2670,"0,23"
PROFESSORA NILCE,CIDADANIA,648,"0,06"
PROFESSORA SIMONE CARVALHO,PP,236,"0,02"
QUEXIN WILLIAMS,PSL,233,"0,02"
RACHEL LIMA,PTB,257,"0,02"
RAFAEL GUERRA,PATRIOTA,622,"0,05"
RAFAEL HORµCIO,DEM,68,"0,01"
RAFAEL PEREIRA,PSC,317,"0,03"
RAFAELA SUTêRIO,REPUBLICANOS,16,0
RAIMUNDO CARVALHO,PSC,285,"0,02"
RAIMUNDO COSTA,PV,29,0
RAIMUNDO GRAÄA,DEM,36,0
RAMON BIBIANO DA CASA DE APOIO,PSD,5947,"0,51"
RAMON SUPERBIKE,PMN,270,"0,02"
RANDOLFO BAR«O,PV,110,"0,01"
RAQUEL DA ‡TICA,PMN,189,"0,02"
RAQUEL LIDERANÄA,PODE,6,0
RAQUEL PINHO KELL,PTB,60,"0,01"
REGINALDO DO POSTO DE SAÈDE,PL,136,"0,01"
REGINALDO SESSY,PDT,567,"0,05"
REINALDINHO,PROS,4086,"0,35"
REINALDO GOMES PRETO SACOL«O,MDB,5125,"0,44"
REINALDO MELO,PTC,202,"0,02"
REJANE SALES,PSDB,245,"0,02"
RENATA ANDRADE,PTC,486,"0,04"
RENATA DA FEDERAÄ«O,REPUBLICANOS,279,"0,02"
RENATA NASCIMENTO,PODE,45,0
RENATA PORTELA,REPUBLICANOS,98,"0,01"
RENATA ROSA,PODE,8,0
RENATO ALVES,REDE,328,"0,03"
RENATO CUNHA,REPUBLICANOS,190,"0,02"
RENATO DA QUADRA,PC do B,463,"0,04"
RENATO DO SAL«O,REPUBLICANOS,205,"0,02"
RENATO LEITE,PDT,314,"0,03"
RENATO MATOS CANTOR,PTB,572,"0,05"
RENATO PINHEIRO,PV,42,0
RENILDA FILGUEIRA,PSL,32,0
REPORTER PABLO TIAGO,DC,3253,"0,28"
RICARDO CASQUINHA,PSL,185,"0,02"
RICARDO DA FARMACIA,PMN,3892,"0,33"
RICARDO DO BAR,PV,56,0
RICARDO DO BAR RAIMUND«O,MDB,202,"0,02"
RICARDO NUNES,NOVO,454,"0,04"
RICARDO SILVEIRA,PSDB,71,"0,01"
RITA TORRES,PSDB,121,"0,01"
RITA UIARA,PSDB,55,0
ROBERT WILLIAM,PTB,359,"0,03"
ROBERTA DANY,PTC,27,0
ROBERTO AMARAL,PP,359,"0,03"
ROBERTO BERNARDO GUILHOTINA,PTB,341,"0,03"
ROBERTO BIN LADEN,PSB,197,"0,02"
ROBERTO DA FARMµCIA,AVANTE,4465,"0,38"
ROBERTO NOGUEIRA,PL,124,"0,01"
ROBERTO ROBINI,PV,44,0
ROBERTO ROMEIKE,PT,44,0
ROBERTO SEESTEL,PP,2354,"0,2"
ROBERTO TAVARES,PSDB,187,"0,02"
ROBSON FERRARY,PTB,123,"0,01"
ROBSON TRABALHADOR INFORMAL,PSOL,67,"0,01"
RODOLPHO DOD‚ DO LAVAJATO,PTC,629,"0,05"
RODOLPHO LACERDA,PT,63,"0,01"
RODRIGO BEDRAN,NOVO,1777,"0,15"
RODRIGO BRITO,PSL,397,"0,03"
RODRIGO FIÈZA,PSB,62,"0,01"
RODRIGO KAIQUE,PDT,146,"0,01"
RODRIGO MOTOZEIROS,PSB,83,"0,01"
RODRIGO NETCHEKA,REPUBLICANOS,349,"0,03"
ROGERINHO DA S«O GERER“,REDE,361,"0,03"
ROGERIO ALKIMIM,PMN,6061,"0,52"
ROGERIO DO BARREIRO,PT,274,"0,02"
ROGêRIO NAKAMURA,PSDB,367,"0,03"
ROGêRIO SANDY,PROS,235,"0,02"
R‡GERIS ALBERTO,PC do B,287,"0,02"
ROMµRIO,PV,238,"0,02"
R‚MULO BULDRINI FILOG‚NIO,NOVO,302,"0,03"
RONALDINHO S‡SIA,REDE,497,"0,04"
RONALDO ALMEIDA,DC,73,"0,01"
RONALDO DA COSTA,PMN,504,"0,04"
RONALDO DO PANELA DE PEDRA,PL,257,"0,02"
RONALDO TEIXEIRA,CIDADANIA,151,"0,01"
RONALDO VIANA,REDE,1641,"0,14"
RONDINELE FELEX,PSDB,50,0
RONE - PAIZ«O,PSDB,54,0
RONI MARTINS,PTB,331,"0,03"
ROSA FLOR,SOLIDARIEDADE,855,"0,07"
ROSA SANTOS,PTC,20,0
ROSANGELA SANGUINETE,DEM,102,"0,01"
ROSANIA ROSA,PC do B,84,"0,01"
ROSE CARVALHO,PATRIOTA,27,0
ROSE MICCRONI,PSD,75,"0,01"
ROSE PAIX«O,REDE,212,"0,02"
ROSELANE ANDREA,PT,236,"0,02"
ROSELANE SPORTS,PTB,270,"0,02"
ROSELI HEIDERICK,AVANTE,102,"0,01"
ROSILANE DE PAULA,PRTB,0,0
R‡SNEI CAETANO,CIDADANIA,210,"0,02"
ROSSINI C∂MARA TICO,PSC,372,"0,03"
ROSY LOBO,MDB,164,"0,01"
ROSY ROSA,PROS,273,"0,02"
RUAN,DEM,48,0
RUB«O,PP,3788,"0,32"
RUDSON PAIXAO,PMN,2345,"0,2"
RUI SABINO,PTC,58,0
SABRINA BRAUN,PT,285,"0,02"
SAMUEL MIRANDA,PV,120,"0,01"
SAMUEL RASEC,PDT,713,"0,06"
SANDRA,SOLIDARIEDADE,345,"0,03"
SANDRA CABELEIREIRA,PL,19,0
SANDRA DA SAÈDE,MDB,381,"0,03"
SANTUZA RODRIGUES,PC do B,183,"0,02"
S«OZINHA,PSB,91,"0,01"
SARA AZEVEDO,PSOL,1444,"0,12"
SARGENTO BAHIA,PATRIOTA,2715,"0,23"
SARGENTO CAMARGO,SOLIDARIEDADE,2060,"0,18"
SARGENTO CARLOS ROBêRIO,PATRIOTA,580,"0,05"
SARGENTO FLµVIO AUGUSTO BOMBEI,PODE,1324,"0,11"
SARGENTO MARTELETO,PRTB,181,"0,02"
SARGENTO SALUSTIANO,PP,2129,"0,18"
SARGENTO WALTER DA CUME,PTB,393,"0,03"
SµVIO COSTA,REPUBLICANOS,94,"0,01"
SEBASTI«O PINHO ZINHO TUPI,PROS,55,0
SEBASTI«O PRUDENTE,REPUBLICANOS,120,"0,01"
SEMIA ABBOUD,PSD,1152,"0,1"
SERGINHO DE PAULA,SOLIDARIEDADE,2073,"0,18"
SERGINHO DO V‚LEI,PV,1829,"0,16"
SERGINHO PAIZ«O,PTB,838,"0,07"
SERGIO ARAUJO DO GALO,AVANTE,81,"0,01"
SERGIO BOTINHA,PMN,602,"0,05"
SERGIO CASSEMIRO,PSL,154,"0,01"
SERGIO DE OLIVEIRA,PDT,137,"0,01"
SERGIO FERNANDO PINHO TAVARES,PL,2787,"0,24"
SERGIO MEC∂NICO,PV,238,"0,02"
SERGIO REIS,PMN,76,"0,01"
SERGIVAN SANTANA,PSL,83,"0,01"
SERJ«O,PATRIOTA,91,"0,01"
SERJ«O DA HABITAÄ«O,PSB,575,"0,05"
SGT CABO VILSON,PP,862,"0,07"
SGT DA PAZ,PRTB,37,0
SHIRLEY FONSECA,PSD,401,"0,03"
SIBELE DA EXPANS«O,PL,92,"0,01"
SIL PIMENTEL,REPUBLICANOS,41,0
SILAS,PTB,251,"0,02"
SILAS RASTRO,DC,199,"0,02"
SILTON RIBEIRO,PODE,268,"0,02"
SILVANA DA PETECA,PP,294,"0,03"
SILVANA DA TRANSILVANA,PL,671,"0,06"
SILVIA TEIXEIRA,PDT,363,"0,03"
SILVIA TOLENTINO,DEM,169,"0,01"
SILVIO MOTOS,PMN,78,"0,01"
SIMAR DA PANELA,AVANTE,675,"0,06"
S‡CRATES,REDE,1077,"0,09"
SOL DO BOMBOM,DEM,232,"0,02"
SOL PURI,PSOL,413,"0,04"
SOLANDIA COELHO,PMN,29,0
SOLANGE GOMES,PL,83,"0,01"
SOMµLIA,PP,2256,"0,19"
S‚NIA DO DANDARA,PSD,939,"0,08"
S‚NIA DO POVO,PROS,81,"0,01"
S‚NIA KID BAIANA,PSB,53,0
S‚NIA LANSKY DA COLETIVA,PT,4793,"0,41"
S‚NIA VIEIRA,PSC,14,0
SONINHA DA ENFERMAGEM,PTB,312,"0,03"
SOUZA DANTAS,PCB,18,0
SOUZA DIZ,PODE,627,"0,05"
SR ANT‚NIO,PC do B,75,"0,01"
STEPHANIE SOUZA,PMN,278,"0,02"
STEWART DA MGS,DC,370,"0,03"
SU DO YAKULT,DEM,134,"0,01"
SUB TENENTE VILMO GOMES,PSC,2315,"0,2"
SUELEN STEFANE,CIDADANIA,57,0
SUELI ANT‚NIA,DEM,173,"0,01"
SUELI XAVIER,DC,149,"0,01"
SUELY MATOS,PSD,205,"0,02"
SUMAIA ABENÄOADA,CIDADANIA,138,"0,01"
SUZANA ENFERMEIRA,PP,1441,"0,12"
SYLLAS VALAD«O,PMN,138,"0,01"
TALES DOUGLAS,PROS,337,"0,03"
TAMMY CELESTE,PROS,19,0
TANIA CASTRO,PV,50,0
TARC÷SIO CAIXETA,REDE,1922,"0,16"
TATI MOREIRA,PMN,15,0
TATI VASCONCELOS,PTC,62,"0,01"
TATIANE CARVALHO,PODE,438,"0,04"
TAVIM DO DOM BOSCO,MDB,295,"0,03"
TAVINHO LUIZ OTAVIO,PATRIOTA,57,0
THABATA MARIE,PSC,6,0
THALES CIDADE RADICAL,AVANTE,385,"0,03"
THERIS ALTERNATIVA,SOLIDARIEDADE,840,"0,07"
THIAGO CAMARGOS,PCB,47,0
THIAGO DE OLIVEIRA,PSDB,8,0
THIAGO MARTINS DA COSTA,PSD,196,"0,02"
THIAGO MIRANDA,PSD,215,"0,02"
THOMµS CARRIERE,PCB,66,"0,01"
TIA DALVA,PATRIOTA,69,"0,01"
TIA LAU,MDB,632,"0,05"
TIA LEIDE,MDB,7,0
TIA LENE,PMN,28,0
TIA LÈ DO BARREIRO,PTC,169,"0,01"
TIAGO GELEIA,PMN,56,0
TIAGO GUSM«O,PATRIOTA,613,"0,05"
TI«O BITENCOURT,DEM,528,"0,05"
TI«O DO FRANGO,PT,243,"0,02"
TICO PATO ROCO,PATRIOTA,271,"0,02"
TIMIRIM,DC,2846,"0,24"
TOBIAS VIEIRA,PODE,288,"0,02"
TOM COUTINHO,PTB,247,"0,02"
TONH«O,PT,89,"0,01"
TONI CµSSIO,CIDADANIA,49,0
TON÷ TEIXEIRA,MDB,71,"0,01"
TONINHO CASCALHO,PL,422,"0,04"
TONINHO DO ONIBUS,PMN,431,"0,04"
TONINHO PINHEIRO DA VILA PINHO,SOLIDARIEDADE,705,"0,06"
TONINHO REAL,PTC,46,0
TONINHO VEICULOS,REPUBLICANOS,290,"0,02"
TONY THE BEST,PP,138,"0,01"
TORRADA,MDB,805,"0,07"
TUBAR«O,CIDADANIA,159,"0,01"
TULIO MENEZES,DEM,522,"0,04"
TUTI,PP,148,"0,01"
UNER AUGUSTO,PRTB,2735,"0,23"
VAGUINHO DO DEPOSITO,PTB,196,"0,02"
VAL CONSOLAÄ«O,PP,1518,"0,13"
VALDECI WILLIAM,PROS,44,0
VALDECIR MACEDO,REPUBLICANOS,42,0
VALDETE DE JESUS,PRTB,88,"0,01"
VALDILENE PESSOA,DC,10,0
VALDIR SIQUEIRA,PL,488,"0,04"
VALERIA GOMES,PT,953,"0,08"
VANDERLEI DRAG«O,CIDADANIA,366,"0,03"
VANDERLEI LOURENÄO,DEM,223,"0,02"
VANESSA PORTUGAL,PSTU,1412,"0,12"
VANUSA DIAS MELO,PRTB,5,0
VERA PONTES,PSC,127,"0,01"
VERINHA PRETA,PSD,527,"0,05"
VERONICA DONATO,PT,216,"0,02"
VIBRANTINHO,DC,617,"0,05"
VICTOR AGUIAR,PATRIOTA,55,0
VICTOR CAMPOS,REDE,863,"0,07"
VILMA COSTUREIRA,CIDADANIA,293,"0,03"
VILMA DA ZOONOSE,SOLIDARIEDADE,2186,"0,19"
VINICIUS COSTA,PSL,218,"0,02"
VINICIUS MARTINS,PV,88,"0,01"
VITORINO,PSB,37,0
VIVALDINO TININHO LAJEDO,PSL,367,"0,03"
VIVI MARLA,SOLIDARIEDADE,138,"0,01"
VIVIAN NOMAN,PSD,202,"0,02"
VIVIANE FONSECA,PROS,2,0
VIVIANE SIZENANDO,DEM,162,"0,01"
W2,PC do B,1035,"0,09"
WAGNER CAFê,PV,296,"0,03"
WAGNER CAMPOS BH,PTC,353,"0,03"
WAGNER DE ALMEIDA,PSC,55,0
WAGNER DO SINJUS,PDT,3128,"0,27"
WAGNER PONCIANO,AVANTE,828,"0,07"
WALDIR MESSIAS,PRTB,291,"0,02"
WALFREDO RODRIGUES,PTB,989,"0,08"
WALLINSON TADEU NEGO,PTC,96,"0,01"
WALQUIRIO SILVA,PT,280,"0,02"
WALTER PINHEIRO,REDE,267,"0,02"
WALTER TOSTA,PL,8072,"0,69"
WALYSSON DIEGO,MDB,134,"0,01"
WANDERLEI DA CRECHE ASKE,CIDADANIA,551,"0,05"
WANDERLEI DOS SANTOS,PT,427,"0,04"
WANDERLEI TESOURINHA,PP,1065,"0,09"
WANDERLêIA MAIA,PSC,52,0
WANDERLEY CARDOSO,PT,76,"0,01"
WANDERLEY GOMES,REPUBLICANOS,216,"0,02"
WANDERLEY PORTO,PATRIOTA,3767,"0,32"
WANDERSON FAUSTO,PSDB,20,0
WANJA,PSDB,12,0
WARLEY M‡L,NOVO,950,"0,08"
WATUSE PRISCILLA,PSL,115,"0,01"
WAYDSON COELHO,DEM,561,"0,05"
WEBERT GERMANO,PC do B,79,"0,01"
WEBERT SILVA,PTB,235,"0,02"
WELBER CUST‡DIO,PTB,216,"0,02"
WELINGTON,PROS,110,"0,01"
WELLINGTON ABENÄOADO,PSL,391,"0,03"
WELLINGTON BARBOSA,PMN,29,0
WELLINGTON BESSA SAP«O,SOLIDARIEDADE,1986,"0,17"
WELLINGTON CORREIA,PDT,70,"0,01"
WELLINGTON DO TµXI ACESS÷VEL,MDB,197,"0,02"
WELLINGTON GIGANTE,PSDB,396,"0,03"
WELLINGTON GODINHO,PATRIOTA,190,"0,02"
WELLINGTON LEMOS,PCB,54,0
WELLINGTON RAMOS,SOLIDARIEDADE,968,"0,08"
WELLINGTON TILECO,SOLIDARIEDADE,754,"0,06"
WELLYSSON RAMOS DA ENFERMAGEM,SOLIDARIEDADE,36,0
WELTON MANSO,PODE,265,"0,02"
WEMMERSON DA VAN,PSD,100,"0,01"
WENDEL TIMO,PODE,285,"0,02"
WESLEY AUTOESCOLA,PROS,4958,"0,42"
WESLLEY  FELIPE NINJ«O,PT,74,"0,01"
WESLLEY DO MOREIRA GESSO,PROS,2569,"0,22"
WILLIAM BITTENCOURT,REPUBLICANOS,46,0
WILLIAM FORTALEZA,AVANTE,49,0
WILLIAM ROSA,REPUBLICANOS,653,"0,06"
WILLIAM SANTOS,REDE,590,"0,05"
WILLIAM SANTOS ADVOGADO,PT,1439,"0,12"
WILLIAM SOUZA,PP,2578,"0,22"
WILLIAN ARAPA,PTB,213,"0,02"
WILSINHO DA TABU,PP,3734,"0,32"
WILSON NOVAES,PL,190,"0,02"
WILSON VITAL,REPUBLICANOS,71,"0,01"
WILTON VAGALUME,PSOL,572,"0,05"
XENINHA OLIVEIRA,CIDADANIA,124,"0,01"
XUXU DO BAR,PSB,117,"0,01"
YASMIN SILVA,PSC,0,0
YURI CAMPOS,REDE,400,"0,03"
Zê ANT‚NIO,PC do B,790,"0,07"
Zê BONOMO,PT,58,0
Zê DE FµTIMA,REDE,425,"0,04"
Zê LUIS GATTI,PRTB,275,"0,02"
Zê MARIA COMUNIDADES,PP,1544,"0,13"
Zê MARIA DO BAR,PL,99,"0,01"
Zê MARIO,PODE,93,"0,01"
ZECA,REPUBLICANOS,219,"0,02"
ZELI SANTOS,PL,178,"0,02"
ZENA DO ASILO,REDE,317,"0,03"
ZEU,AVANTE,673,"0,06"
ZEZê DO TAQUARIL,PC do B,224,"0,02"
ZEZIN DO T‡ (ZEZINHO),PATRIOTA,293,"0,03"
ZINHO,PSL,278,"0,02"
ZIZI,PODE,259,"0,02"
ZU DOS ANJOS,DEM,132,"0,01"
ZULIN,AVANTE,184,"0,02"
